{
    "Gender": 0,
    "Weight": 0.10241935402154923,
    "SkinColor": {
        "r": 0.2199999988079071,
        "g": 0.1899999976158142,
        "b": 0.1599999964237213,
        "a": 1.0
    },
    "HairStyle": "Avatar/Hair/DoubleTopKnot/DoubleTopKnot",
    "HairColor": {
        "r": 0.07000000029802323,
        "g": 0.07000000029802323,
        "b": 0.07000000029802323,
        "a": 1.0
    },
    "Mouth": "Avatar/Layers/Face/Face_SmugPout",
    "FacialHair": "Avatar/Layers/Face/FacialHair_Goatee",
    "FacialDetails": "Avatar/Layers/Face/Freckles",
    "FacialDetailsIntensity": 1.0,
    "EyeballColor": {
        "r": 1.0,
        "g": 0.6499999761581421,
        "b": 0.6499999761581421,
        "a": 1.0
    },
    "UpperEyeLidRestingPosition": 1.0,
    "LowerEyeLidRestingPosition": 1.0,
    "PupilDilation": 1.0,
    "EyebrowScale": 1.7000000476837159,
    "EyebrowThickness": 0.5,
    "EyebrowRestingHeight": 1.0,
    "EyebrowRestingAngle": 0.4354839324951172,
    "Top": "",
    "TopColor": {
        "r": 0.8899999856948853,
        "g": 0.25,
        "b": 0.8600000143051148,
        "a": 1.0
    },
    "Bottom": "",
    "BottomColor": {
        "r": 0.23000000417232514,
        "g": 0.23000000417232514,
        "b": 0.23000000417232514,
        "a": 1.0
    },
    "Shoes": "",
    "ShoesColor": {
        "r": 0.47999998927116396,
        "g": 0.3199999928474426,
        "b": 0.2199999988079071,
        "a": 1.0
    },
    "Headwear": "",
    "HeadwearColor": {
        "r": 1.0,
        "g": 1.0,
        "b": 1.0,
        "a": 1.0
    },
    "Eyewear": "",
    "EyewearColor": {
        "r": 0.0,
        "g": 0.0,
        "b": 0.0,
        "a": 0.0
    },
    "Tattoos": []
}